ID	username	password	firstname	lastname
1	admin@rmit.com.au	secure		
2	demo@rmit.com.au	demo	demo_firstname	demo_lastname
5	paulG@rmit.com.au	test123	Paul	Gauci
13	jane@rmit.com.au	test	Jane	Geard
15	test@rmit.com.au	test	TestUser	Geard
17	test@somewhere.com.au	test	Test	User
19	jane@test.com.au	test	Jane	Geard
20	marcusnorticus@gmail.com	demo	Mark	Norton
21	Byron.Fisher@rmit.edu.au	password	Byron	Fisher
22	s3526554@student.rmit.edu.au	Demo	William	Ellis
23	quinto@quinto.com	quinto	Quinto	Dude
24	p1@p1.com	p1	p1	p1
25	p2@p2.com	p2	p2	p2
26	p3@p3.com	p3	p3	p3
27	p4@p4.com	p4	p4	p4
28	p5@p5.com	p5	p5	p5
29	abc@123.com	abc123	Will	Ellis
30	phantom@ghost.com	12345	Phantom	Ghost
31	p6@p6.com	p6	p6	p6
32	ccc@gmail.com	ccc	ccc	ccc
33	test@email.com	demo	Mark	Norton
34	p7@p7.com	p7	p7	p7
36	quinto@gmail.com	123	Jo	Quinto
